{
  "starting_equity": 25000,
  "cost_pips": 1.0,
  "leverage": 100,
  "iterations": [
    {
      "final_equity": 197200.1687247497,
      "total_return_pct": 688.8006748989989,
      "cagr_pct": 23.05627568128368,
      "years": 9.95482546201232,
      "time_to_2x_years": 2.6666666666666665,
      "time_to_3x_years": 4.848733744010952,
      "max_dd_pct": 19.098795291707678,
      "n_trades": 667,
      "win_rate_pct": 52.17391304347826,
      "profit_factor": 1.5353380875409115,
      "achieved_2x": "True",
      "achieved_3x": "True",
      "in_3to5_year_window": false,
      "label": "ITER 1: Council-progressive (0.5%\u21921%\u21921.5%)",
      "halted": false,
      "halt_reason": "",
      "success": true,
      "ideal": true
    },
    {
      "final_equity": 105087.9762331377,
      "total_return_pct": 320.35190493255084,
      "cagr_pct": 15.516572568777853,
      "years": 9.95482546201232,
      "time_to_2x_years": 4.673511293634497,
      "time_to_3x_years": 8.36413415468857,
      "max_dd_pct": 13.029100005256783,
      "n_trades": 667,
      "win_rate_pct": 52.17391304347826,
      "profit_factor": 1.5231387662140192,
      "achieved_2x": "True",
      "achieved_3x": "True",
      "in_3to5_year_window": true,
      "label": "ITER 2: Aggressive compound (1% base, 2% on 6-win)",
      "halted": false,
      "halt_reason": "",
      "success": true,
      "ideal": false
    },
    {
      "final_equity": 380951.86306701193,
      "total_return_pct": 1423.8074522680477,
      "cagr_pct": 31.470954965412968,
      "years": 9.95482546201232,
      "time_to_2x_years": 1.995893223819302,
      "time_to_3x_years": 3.8302532511978096,
      "max_dd_pct": 24.87247571450403,
      "n_trades": 667,
      "win_rate_pct": 52.17391304347826,
      "profit_factor": 1.5507428902694804,
      "achieved_2x": "True",
      "achieved_3x": "True",
      "in_3to5_year_window": false,
      "label": "ITER 3: Flat 2% (Expansionist)",
      "halted": false,
      "halt_reason": "",
      "success": true,
      "ideal": true
    },
    {
      "final_equity": 184183.43772781518,
      "total_return_pct": 636.7337509112607,
      "cagr_pct": 22.215035464405176,
      "years": 9.95482546201232,
      "time_to_2x_years": 2.6721423682409307,
      "time_to_3x_years": 5.9986310746064335,
      "max_dd_pct": 20.228393808073648,
      "n_trades": 667,
      "win_rate_pct": 52.17391304347826,
      "profit_factor": 1.5465917134754403,
      "achieved_2x": "True",
      "achieved_3x": "True",
      "in_3to5_year_window": false,
      "label": "ITER 4: Kelly-inspired adaptive (1.5% base)",
      "halted": false,
      "halt_reason": "",
      "success": true,
      "ideal": false
    },
    {
      "final_equity": 307456.4420577032,
      "total_return_pct": 1129.8257682308129,
      "cagr_pct": 28.670481111596335,
      "years": 9.95482546201232,
      "time_to_2x_years": 2.1656399726214923,
      "time_to_3x_years": 4.602327173169062,
      "max_dd_pct": 23.215906308650478,
      "n_trades": 667,
      "win_rate_pct": 52.17391304347826,
      "profit_factor": 1.5597490919423544,
      "achieved_2x": "True",
      "achieved_3x": "True",
      "in_3to5_year_window": false,
      "label": "ITER 5: Balanced scaling (1%\u21921.5%\u21922%)",
      "halted": false,
      "halt_reason": "",
      "success": true,
      "ideal": true
    },
    {
      "final_equity": 1299518.4423789585,
      "total_return_pct": 5098.073769515834,
      "cagr_pct": 48.71777705257847,
      "years": 9.95482546201232,
      "time_to_2x_years": 1.6974674880219027,
      "time_to_3x_years": 2.080766598220397,
      "max_dd_pct": 35.542038376886474,
      "n_trades": 667,
      "win_rate_pct": 52.17391304347826,
      "profit_factor": 1.5908759517783981,
      "achieved_2x": "True",
      "achieved_3x": "True",
      "in_3to5_year_window": false,
      "label": "ITER 6: Aggressive 3% flat",
      "halted": false,
      "halt_reason": "",
      "success": true,
      "ideal": false
    },
    {
      "final_equity": 1288768.3863305117,
      "total_return_pct": 5055.073545322047,
      "cagr_pct": 48.5937321649889,
      "years": 9.95482546201232,
      "time_to_2x_years": 1.7056810403832992,
      "time_to_3x_years": 2.080766598220397,
      "max_dd_pct": 35.542038376886474,
      "n_trades": 667,
      "win_rate_pct": 52.17391304347826,
      "profit_factor": 1.591387114013479,
      "achieved_2x": "True",
      "achieved_3x": "True",
      "in_3to5_year_window": false,
      "label": "ITER 7: Aggressive progressive (2%\u21922.5%\u21923%)",
      "halted": false,
      "halt_reason": "",
      "success": true,
      "ideal": false
    },
    {
      "final_equity": 580734.1677210267,
      "total_return_pct": 2222.9366708841067,
      "cagr_pct": 37.15878787948918,
      "years": 9.95482546201232,
      "time_to_2x_years": 1.995893223819302,
      "time_to_3x_years": 3.7973990417522243,
      "max_dd_pct": 31.939939401777035,
      "n_trades": 667,
      "win_rate_pct": 52.17391304347826,
      "profit_factor": 1.5716125363818416,
      "achieved_2x": "True",
      "achieved_3x": "True",
      "in_3to5_year_window": false,
      "label": "ITER 8: Fast-start trade-count scaling (1.5%\u21922%\u21922.5%)",
      "halted": false,
      "halt_reason": "",
      "success": true,
      "ideal": true
    },
    {
      "final_equity": 51103.50163464465,
      "total_return_pct": 104.41400653857859,
      "cagr_pct": 7.446425816917879,
      "years": 9.95482546201232,
      "time_to_2x_years": 9.79876796714579,
      "time_to_3x_years": null,
      "max_dd_pct": 6.662585065109283,
      "n_trades": 667,
      "win_rate_pct": 52.17391304347826,
      "profit_factor": 1.5027465386302035,
      "achieved_2x": "True",
      "achieved_3x": "False",
      "in_3to5_year_window": false,
      "label": "ITER 9: The5ers-safe flat 0.5%",
      "halted": false,
      "halt_reason": "",
      "success": false,
      "ideal": "False"
    },
    {
      "final_equity": 72442.44222262216,
      "total_return_pct": 189.76976889048868,
      "cagr_pct": 11.279453717292531,
      "years": 9.95482546201232,
      "time_to_2x_years": 7.493497604380561,
      "time_to_3x_years": null,
      "max_dd_pct": 9.88293600787494,
      "n_trades": 667,
      "win_rate_pct": 52.17391304347826,
      "profit_factor": 1.509494586602501,
      "achieved_2x": "True",
      "achieved_3x": "False",
      "in_3to5_year_window": false,
      "label": "ITER 10: Flat 0.75% (between 9 and 1)",
      "halted": false,
      "halt_reason": "",
      "success": false,
      "ideal": "False"
    },
    {
      "final_equity": 102110.4633651013,
      "total_return_pct": 308.4418534604052,
      "cagr_pct": 15.183521459787608,
      "years": 9.95482546201232,
      "time_to_2x_years": 4.695414099931554,
      "time_to_3x_years": 8.399726214921287,
      "max_dd_pct": 13.029100005256808,
      "n_trades": 667,
      "win_rate_pct": 52.17391304347826,
      "profit_factor": 1.516752202140027,
      "achieved_2x": "True",
      "achieved_3x": "True",
      "in_3to5_year_window": true,
      "label": "ITER 11: Flat 1.0% (target ~10% DD)",
      "halted": false,
      "halt_reason": "",
      "success": true,
      "ideal": false
    },
    {
      "final_equity": 101499.00255117679,
      "total_return_pct": 305.99601020470715,
      "cagr_pct": 15.114046603088171,
      "years": 9.95482546201232,
      "time_to_2x_years": 4.695414099931554,
      "time_to_3x_years": 8.41615331964408,
      "max_dd_pct": 13.029100005256808,
      "n_trades": 667,
      "win_rate_pct": 52.17391304347826,
      "profit_factor": 1.5193301957633898,
      "achieved_2x": "True",
      "achieved_3x": "True",
      "in_3to5_year_window": true,
      "label": "ITER 12: Slow progressive 0.5->0.75->1.0%",
      "halted": false,
      "halt_reason": "",
      "success": true,
      "ideal": false
    },
    {
      "final_equity": 92653.27128091699,